{"2026-06-18":{"France":0.17551,"Spain":0.13229,"England":0.12141,"Argentina":0.09429,"Portugal":0.08057,"Brazil":0.06689,"Germany":0.05627,"Holland":0.03939,"Norway":0.0277,"Morocco":0.02216,"USA":0.02038,"Belgium":0.01755,"Colombia":0.01886,"Japan":0.01672,"Mexico":0.01353,"Switzerland":0.01001,"Australia":0.00736,"Senegal":0.0062,"Croatia":0.00736,"Sweden":0.00654,"Uruguay":0.00679,"Ecuador":0.0052,"Austria":0.0057,"Türkiye":0.00465,"Ivory Coast":0.00385,"South Korea":0.0031,"Canada":0.00365,"Scotland":0.00316,"Egypt":0.00285,"Ghana":0.00236,"DR Congo":0.00135,"Bosnia":0.0015,"Algeria":0.00136,"Paraguay":0.00131,"Tunisia":0.00118,"Iran":0.00118,"Jordan":0.00059,"Uzbekistan":0.00071,"New Zealand":0.00071,"Qatar":0.00089,"Saudi Arabia":0.00118,"Cape Verde":0.00089,"South Africa":0.00071,"Curaçao":0.00059,"Czechia":0.00136,"Haiti":0.00059,"Iraq":0.00089,"Panama":0.00071}}
